<application>
  <component name="ExportableFileTemplateSettings">
    <default_templates>
      <template name="Function Module.ts" file-name="$NAME/$NAME" reformat="true" live-template-enabled="false">
        <template name="Function Module.ts.child.1.ts" file-name="$NAME/index" reformat="true" live-template-enabled="false" />
        <template name="Function Module.ts.child.0༏ext༏.test.ts" file-name="$NAME/$NAME" reformat="true" live-template-enabled="false" />
      </template>
      <template name="Function Module.ts.child.0༏ext༏.test.ts" file-name="$NAME/$NAME" reformat="true" live-template-enabled="false" />
      <template name="Function Module.ts.child.1.ts" file-name="$NAME/index" reformat="true" live-template-enabled="false" />
      <template name="Lambda Handler Module.ts" file-name="$NAME/$NAME" reformat="true" live-template-enabled="false">
        <template name="Lambda Handler Module.ts.child.0༏ext༏.test.ts" file-name="$NAME/$NAME" reformat="true" live-template-enabled="false" />
        <template name="Lambda Handler Module.ts.child.1༏ext༏.types.ts" file-name="$NAME/$NAME" reformat="true" live-template-enabled="false" />
        <template name="Lambda Handler Module.ts.child.2༏ext༏.handler.ts" file-name="$NAME/$NAME" reformat="true" live-template-enabled="false" />
      </template>
      <template name="Lambda Handler Module.ts.child.0༏ext༏.test.ts" file-name="$NAME/$NAME" reformat="true" live-template-enabled="false" />
      <template name="Lambda Handler Module.ts.child.1༏ext༏.types.ts" file-name="$NAME/$NAME" reformat="true" live-template-enabled="false" />
      <template name="Lambda Handler Module.ts.child.2༏ext༏.handler.ts" file-name="$NAME/$NAME" reformat="true" live-template-enabled="false" />
      <template name="README File.md" file-name="README" reformat="true" live-template-enabled="false" />
      <template name="Type Module.ts" file-name="$NAME/$NAME" reformat="true" live-template-enabled="false">
        <template name="Type Module.ts.child.1.ts" file-name="$NAME/is-$NAME" reformat="true" live-template-enabled="false" />
        <template name="Type Module.ts.child.0.ts" file-name="$NAME/index" reformat="true" live-template-enabled="false" />
        <template name="Type Module.ts.child.2༏ext༏.test.ts" file-name="$NAME/is-$NAME" reformat="true" live-template-enabled="false" />
      </template>
      <template name="Type Module.ts.child.0.ts" file-name="$NAME/index" reformat="true" live-template-enabled="false" />
      <template name="Type Module.ts.child.1.ts" file-name="$NAME/is-$NAME" reformat="true" live-template-enabled="false" />
      <template name="Type Module.ts.child.2༏ext༏.test.ts" file-name="$NAME/is-$NAME" reformat="true" live-template-enabled="false" />
    </default_templates>
  </component>
</application>